conversion,resultado
2895.0 m,"2.895 km, 9498.0318 ft, 1.798869045 mi"
344.0 km,"344000.0 m, 1128608.96 ft, 213.751624 mi"
3456.0 ft,"1053.3887662915595 m, 1.0533887662915595 km, 0.654545664 mi"
323.0 mi,"519818.27281929797 m, 519.8182728192979 km, 1705440.0 ft"
