Tipo,Conversión,Resultado
Temperatura,45.0 °C,"113.0 °F, 318.15 K"
Temperatura,56.0 °F,"13.333333333333334 °C, 286.4833333333333 K"
Temperatura,1.0 K,"-272.15 °C, -457.87 °F"
Longitud,2895.0 m,"2.895 km, 9498.0318 ft, 1.798869045 mi"
Longitud,344.0 km,"344000.0 m, 1128608.96 ft, 213.751624 mi"
Longitud,3456.0 ft,"1053.3887662915595 m, 1.0533887662915595 km, 0.654545664 mi"
Longitud,323.0 mi,"519818.27281929797 m, 519.8182728192979 km, 1705440.0 ft"
