conversion,resultado
45.0 °C,"113.0 °F, 318.15 K"
56.0 °F,"13.333333333333334 °C, 286.4833333333333 K"
1.0 K,"-272.15 °C, -457.87 °F"
